<?xml version="1.0" encoding="UTF-8"?>
<GenRun Id="impl_1" LaunchPart="xc7a35tcpg236-1" LaunchTime="1756561833">
  <File Type="BITSTR-BMM" Name="lab2_bd.bmm"/>
  <File Type="ROUTE-PWR" Name="lab2_power_routed.rpt"/>
  <File Type="PA-TCL" Name="lab2.tcl"/>
  <File Type="OPT-DCP" Name="lab2_opt.dcp"/>
  <File Type="ROUTE-PWR-SUM" Name="lab2_power_summary_routed.pb"/>
  <File Type="REPORTS-TCL" Name="lab2_reports.tcl"/>
  <File Type="OPT-DRC" Name="lab2_drc_opted.rpt"/>
  <File Type="OPT-HWDEF" Name="lab2.hwdef"/>
  <File Type="PWROPT-DCP" Name="lab2_pwropt.dcp"/>
  <File Type="PLACE-DCP" Name="lab2_placed.dcp"/>
  <File Type="PLACE-IO" Name="lab2_io_placed.rpt"/>
  <File Type="PLACE-UTIL" Name="lab2_utilization_placed.rpt"/>
  <File Type="PLACE-UTIL-PB" Name="lab2_utilization_placed.pb"/>
  <File Type="PLACE-CTRL" Name="lab2_control_sets_placed.rpt"/>
  <File Type="PLACE-PRE-SIMILARITY" Name="lab2_incremental_reuse_pre_placed.rpt"/>
  <File Type="BG-BGN" Name="lab2.bgn"/>
  <File Type="POSTPLACE-PWROPT-DCP" Name="lab2_postplace_pwropt.dcp"/>
  <File Type="BG-BIN" Name="lab2.bin"/>
  <File Type="PHYSOPT-DCP" Name="lab2_physopt.dcp"/>
  <File Type="BITSTR-MSK" Name="lab2.msk"/>
  <File Type="ROUTE-ERROR-DCP" Name="lab2_routed_error.dcp"/>
  <File Type="ROUTE-DCP" Name="lab2_routed.dcp"/>
  <File Type="ROUTE-BLACKBOX-DCP" Name="lab2_routed_bb.dcp"/>
  <File Type="ROUTE-DRC" Name="lab2_drc_routed.rpt"/>
  <File Type="ROUTE-DRC-PB" Name="lab2_drc_routed.pb"/>
  <File Type="BITSTR-LTX" Name="lab2.ltx"/>
  <File Type="ROUTE-DRC-RPX" Name="lab2_drc_routed.rpx"/>
  <File Type="BITSTR-MMI" Name="lab2.mmi"/>
  <File Type="ROUTE-METHODOLOGY-DRC" Name="lab2_methodology_drc_routed.rpt"/>
  <File Type="ROUTE-METHODOLOGY-DRC-RPX" Name="lab2_methodology_drc_routed.rpx"/>
  <File Type="BITSTR-SYSDEF" Name="lab2.sysdef"/>
  <File Type="ROUTE-METHODOLOGY-DRC-PB" Name="lab2_methodology_drc_routed.pb"/>
  <File Type="ROUTE-PWR-RPX" Name="lab2_power_routed.rpx"/>
  <File Type="ROUTE-STATUS" Name="lab2_route_status.rpt"/>
  <File Type="ROUTE-STATUS-PB" Name="lab2_route_status.pb"/>
  <File Type="ROUTE-TIMINGSUMMARY" Name="lab2_timing_summary_routed.rpt"/>
  <File Type="ROUTE-TIMING-PB" Name="lab2_timing_summary_routed.pb"/>
  <File Type="ROUTE-TIMING-RPX" Name="lab2_timing_summary_routed.rpx"/>
  <File Type="RDI-RDI" Name="lab2.vdi"/>
  <File Type="ROUTE-CLK" Name="lab2_clock_utilization_routed.rpt"/>
  <File Type="ROUTE-BUS-SKEW" Name="lab2_bus_skew_routed.rpt"/>
  <File Type="ROUTE-BUS-SKEW-PB" Name="lab2_bus_skew_routed.pb"/>
  <File Type="ROUTE-BUS-SKEW-RPX" Name="lab2_bus_skew_routed.rpx"/>
  <File Type="POSTROUTE-PHYSOPT-DCP" Name="lab2_postroute_physopt.dcp"/>
  <File Type="POSTROUTE-PHYSOPT-BLACKBOX-DCP" Name="lab2_postroute_physopt_bb.dcp"/>
  <File Type="BG-BIT" Name="lab2.bit"/>
  <File Type="BITSTR-RBT" Name="lab2.rbt"/>
  <File Type="BITSTR-NKY" Name="lab2.nky"/>
  <File Type="BG-DRC" Name="lab2.drc"/>
  <File Type="WBT-USG" Name="usage_statistics_webtalk.html"/>
  <FileSet Name="sources" Type="DesignSrcs" RelSrcDir="$PSRCDIR/sources_1">
    <Filter Type="Srcs"/>
    <File Path="$PSRCDIR/sources_1/new/lab2.v">
      <FileInfo>
        <Attr Name="ImportPath" Val="D:/EE2026/project_2/project_2.srcs/sources_1/new/lab2.v"/>
        <Attr Name="ImportTime" Val="1756561699"/>
        <Attr Name="UsedIn" Val="synthesis"/>
        <Attr Name="UsedIn" Val="implementation"/>
        <Attr Name="UsedIn" Val="simulation"/>
      </FileInfo>
    </File>
    <Config>
      <Option Name="DesignMode" Val="RTL"/>
      <Option Name="TopModule" Val="lab2"/>
      <Option Name="TopAutoSet" Val="TRUE"/>
    </Config>
  </FileSet>
  <FileSet Name="constrs_in" Type="Constrs" RelSrcDir="$PSRCDIR/constrs_1">
    <Filter Type="Constrs"/>
    <File Path="$PSRCDIR/constrs_1/imports/Downloads/Basys3_Master.xdc">
      <FileInfo>
        <Attr Name="ImportPath" Val="$PPRDIR/../../../../../../../../Downloads/Basys3_Master.xdc"/>
        <Attr Name="ImportTime" Val="1755826574"/>
        <Attr Name="UsedIn" Val="synthesis"/>
        <Attr Name="UsedIn" Val="implementation"/>
      </FileInfo>
    </File>
    <Config>
      <Option Name="ConstrsType" Val="XDC"/>
    </Config>
  </FileSet>
  <Strategy Version="1" Minor="2">
    <StratHandle Name="Vivado Implementation Defaults" Flow="Vivado Implementation 2018"/>
    <Step Id="init_design"/>
    <Step Id="opt_design"/>
    <Step Id="power_opt_design"/>
    <Step Id="place_design"/>
    <Step Id="post_place_power_opt_design"/>
    <Step Id="phys_opt_design"/>
    <Step Id="route_design"/>
    <Step Id="post_route_phys_opt_design"/>
    <Step Id="write_bitstream"/>
  </Strategy>
</GenRun>
