<?xml version="1.0" encoding="UTF-8"?>
<GenRun Id="synth_1" LaunchPart="xc7a35tcpg236-1" LaunchTime="1757791027">
  <File Type="PA-TCL" Name="lab3.tcl"/>
  <File Type="REPORTS-TCL" Name="lab3_reports.tcl"/>
  <File Type="RDS-RDS" Name="lab3.vds"/>
  <File Type="RDS-DCP" Name="lab3.dcp"/>
  <File Type="RDS-UTIL-PB" Name="lab3_utilization_synth.pb"/>
  <File Type="RDS-UTIL" Name="lab3_utilization_synth.rpt"/>
  <FileSet Name="sources" Type="DesignSrcs" RelSrcDir="$PSRCDIR/sources_1">
    <Filter Type="Srcs"/>
    <File Path="$PSRCDIR/sources_1/new/lab3.v">
      <FileInfo>
        <Attr Name="ImportPath" Val="$PPRDIR/../../../../../../media/kc/Data/EE2026/project_3/project_3.srcs/sources_1/new/lab3.v"/>
        <Attr Name="ImportTime" Val="1757791015"/>
        <Attr Name="UsedIn" Val="synthesis"/>
        <Attr Name="UsedIn" Val="implementation"/>
        <Attr Name="UsedIn" Val="simulation"/>
      </FileInfo>
    </File>
    <Config>
      <Option Name="DesignMode" Val="RTL"/>
      <Option Name="TopModule" Val="lab3"/>
      <Option Name="TopAutoSet" Val="TRUE"/>
    </Config>
  </FileSet>
  <FileSet Name="constrs_in" Type="Constrs" RelSrcDir="$PSRCDIR/constrs_1">
    <Filter Type="Constrs"/>
    <File Path="$PSRCDIR/constrs_1/imports/Downloads/Basys3_Master.xdc">
      <FileInfo>
        <Attr Name="ImportPath" Val="$PPRDIR/../../../../Downloads/Basys3_Master.xdc"/>
        <Attr Name="ImportTime" Val="1756867851"/>
        <Attr Name="UsedIn" Val="synthesis"/>
        <Attr Name="UsedIn" Val="implementation"/>
      </FileInfo>
    </File>
    <Config>
      <Option Name="ConstrsType" Val="XDC"/>
    </Config>
  </FileSet>
  <Strategy Version="1" Minor="2">
    <StratHandle Name="Vivado Synthesis Defaults" Flow="Vivado Synthesis 2018"/>
    <Step Id="synth_design"/>
  </Strategy>
</GenRun>
