<?xml version="1.0" encoding="UTF-8"?>
<GenRun Id="impl_1" LaunchPart="xc7a35tcpg236-1" LaunchTime="1755831674">
  <File Type="ROUTE-PWR" Name="lab1_power_routed.rpt"/>
  <File Type="PA-TCL" Name="lab1.tcl"/>
  <File Type="BITSTR-BMM" Name="lab1_bd.bmm"/>
  <File Type="ROUTE-PWR-SUM" Name="lab1_power_summary_routed.pb"/>
  <File Type="REPORTS-TCL" Name="lab1_reports.tcl"/>
  <File Type="OPT-DCP" Name="lab1_opt.dcp"/>
  <File Type="OPT-DRC" Name="lab1_drc_opted.rpt"/>
  <File Type="OPT-HWDEF" Name="lab1.hwdef"/>
  <File Type="PWROPT-DCP" Name="lab1_pwropt.dcp"/>
  <File Type="PLACE-DCP" Name="lab1_placed.dcp"/>
  <File Type="PLACE-IO" Name="lab1_io_placed.rpt"/>
  <File Type="PLACE-UTIL" Name="lab1_utilization_placed.rpt"/>
  <File Type="PLACE-UTIL-PB" Name="lab1_utilization_placed.pb"/>
  <File Type="PLACE-CTRL" Name="lab1_control_sets_placed.rpt"/>
  <File Type="PLACE-PRE-SIMILARITY" Name="lab1_incremental_reuse_pre_placed.rpt"/>
  <File Type="BG-BGN" Name="lab1.bgn"/>
  <File Type="POSTPLACE-PWROPT-DCP" Name="lab1_postplace_pwropt.dcp"/>
  <File Type="BG-BIN" Name="lab1.bin"/>
  <File Type="PHYSOPT-DCP" Name="lab1_physopt.dcp"/>
  <File Type="BITSTR-MSK" Name="lab1.msk"/>
  <File Type="ROUTE-ERROR-DCP" Name="lab1_routed_error.dcp"/>
  <File Type="ROUTE-DCP" Name="lab1_routed.dcp"/>
  <File Type="ROUTE-BLACKBOX-DCP" Name="lab1_routed_bb.dcp"/>
  <File Type="ROUTE-DRC" Name="lab1_drc_routed.rpt"/>
  <File Type="ROUTE-DRC-PB" Name="lab1_drc_routed.pb"/>
  <File Type="ROUTE-DRC-RPX" Name="lab1_drc_routed.rpx"/>
  <File Type="BITSTR-LTX" Name="lab1.ltx"/>
  <File Type="ROUTE-METHODOLOGY-DRC" Name="lab1_methodology_drc_routed.rpt"/>
  <File Type="BITSTR-MMI" Name="lab1.mmi"/>
  <File Type="ROUTE-METHODOLOGY-DRC-RPX" Name="lab1_methodology_drc_routed.rpx"/>
  <File Type="ROUTE-METHODOLOGY-DRC-PB" Name="lab1_methodology_drc_routed.pb"/>
  <File Type="BITSTR-SYSDEF" Name="lab1.sysdef"/>
  <File Type="ROUTE-PWR-RPX" Name="lab1_power_routed.rpx"/>
  <File Type="ROUTE-STATUS" Name="lab1_route_status.rpt"/>
  <File Type="ROUTE-STATUS-PB" Name="lab1_route_status.pb"/>
  <File Type="ROUTE-TIMINGSUMMARY" Name="lab1_timing_summary_routed.rpt"/>
  <File Type="ROUTE-TIMING-PB" Name="lab1_timing_summary_routed.pb"/>
  <File Type="ROUTE-TIMING-RPX" Name="lab1_timing_summary_routed.rpx"/>
  <File Type="ROUTE-CLK" Name="lab1_clock_utilization_routed.rpt"/>
  <File Type="ROUTE-BUS-SKEW" Name="lab1_bus_skew_routed.rpt"/>
  <File Type="ROUTE-BUS-SKEW-PB" Name="lab1_bus_skew_routed.pb"/>
  <File Type="ROUTE-BUS-SKEW-RPX" Name="lab1_bus_skew_routed.rpx"/>
  <File Type="POSTROUTE-PHYSOPT-DCP" Name="lab1_postroute_physopt.dcp"/>
  <File Type="POSTROUTE-PHYSOPT-BLACKBOX-DCP" Name="lab1_postroute_physopt_bb.dcp"/>
  <File Type="BG-BIT" Name="lab1.bit"/>
  <File Type="BITSTR-RBT" Name="lab1.rbt"/>
  <File Type="BITSTR-NKY" Name="lab1.nky"/>
  <File Type="BG-DRC" Name="lab1.drc"/>
  <File Type="RDI-RDI" Name="lab1.vdi"/>
  <File Type="WBT-USG" Name="usage_statistics_webtalk.html"/>
  <FileSet Name="sources" Type="DesignSrcs" RelSrcDir="$PSRCDIR/sources_1">
    <Filter Type="Srcs"/>
    <File Path="$PSRCDIR/sources_1/new/lab1.v">
      <FileInfo>
        <Attr Name="ImportPath" Val="$PPRDIR/../../../../project_1.srcs/sources_1/new/lab1.v"/>
        <Attr Name="ImportTime" Val="1755840969"/>
        <Attr Name="UsedIn" Val="synthesis"/>
        <Attr Name="UsedIn" Val="implementation"/>
        <Attr Name="UsedIn" Val="simulation"/>
      </FileInfo>
    </File>
    <Config>
      <Option Name="DesignMode" Val="RTL"/>
      <Option Name="TopModule" Val="lab1"/>
      <Option Name="TopAutoSet" Val="TRUE"/>
    </Config>
  </FileSet>
  <FileSet Name="constrs_in" Type="Constrs" RelSrcDir="$PSRCDIR/constrs_1">
    <Filter Type="Constrs"/>
    <File Path="$PSRCDIR/constrs_1/imports/Downloads/Basys3_Master.xdc">
      <FileInfo>
        <Attr Name="ImportPath" Val="$PPRDIR/../../../../../../../../Downloads/Basys3_Master.xdc"/>
        <Attr Name="ImportTime" Val="1755826574"/>
        <Attr Name="UsedIn" Val="synthesis"/>
        <Attr Name="UsedIn" Val="implementation"/>
      </FileInfo>
    </File>
    <Config>
      <Option Name="ConstrsType" Val="XDC"/>
    </Config>
  </FileSet>
  <Strategy Version="1" Minor="2">
    <StratHandle Name="Vivado Implementation Defaults" Flow="Vivado Implementation 2018"/>
    <Step Id="init_design"/>
    <Step Id="opt_design"/>
    <Step Id="power_opt_design"/>
    <Step Id="place_design"/>
    <Step Id="post_place_power_opt_design"/>
    <Step Id="phys_opt_design"/>
    <Step Id="route_design"/>
    <Step Id="post_route_phys_opt_design"/>
    <Step Id="write_bitstream"/>
  </Strategy>
</GenRun>
