E,a,c,h,(space),w,h,i,t,e,(space),p,i,x,e,l,(,1,),(space),i,s,(space),a,(space),n,o,d,e
i,n,(space),a,(space),g,r,i,d,",",(space),n,e,i,g,h,b,o,u,r,s,(space),f,o,r,m
e,d,g,e,s,.
F,o,r,(space),L,e,f,t,",",(space),U,p,p,e,r,(space),L,e,f,t,",",(space),U,p,p,e,r,(space),a,n,d
U,p,p,e,r,(space),R,i,g,h,t,(space),p,i,x,e,l,",",(space),f,i,n,d,(space),t,h,e,i,r
r,o,o,t,(space),b,y,(space),w,a,l,k,i,n,g,(space),u,p,(space),t,h,e,i,r,(space),p,a,r,e,n,t,s,.

A,l,l,o,c,a,t,e,(space),c,u,r,r,e,n,t,(space),p,i,x,e,l,(space),i,f
n,e,i,g,h,b,o,u,r,s,(space),h,a,v,e,(space),n,o,(space),r,o,o,t,s,(,i,t,(space),i,s
a,(space),n,e,w,(space),c,o,m,p,o,n,e,n,t,),.
E,l,s,e,",",(space),p,i,c,k,(space),a,(space),n,e,i,g,h,b,o,u,r,i,n,g
c,o,m,p,o,n,e,n,t,(space),a,n,d,(space),u,n,i,o,n,(space),i,n,t,o
o,n,e,(space),c,o,m,p,o,n,e,n,t,.

A,s,(space),f,r,a,m,e,(space),b,u,i,l,d,s,",",(space),u,n,i,o,n
n,e,i,g,h,b,o,u,r,s,(space),a,n,d,(space),g,r,o,w
c,o,m,p,o,n,e,n,t,s,.
E,a,c,h,(space),c,o,m,p,o,n,e,n,t,(space),s,t,o,r,e,s,(space),a,(space),r,u,n,n,i,n,g
a,r,e,a,(space),c,o,u,n,t,(space),a,n,d,(space),m,i,n,",",(space),m,a,x,(space),x,",",(space),y
f,o,r,(space),b,o,u,n,d,i,n,g,(space),b,o,x,e,s,.

R,e,m,o,v,e,(space),t,i,n,y,(space),c,o,m,p,o,n,e,n,t,s,(space),a,s,(space),t,h,e,r,e
m,a,y,(space),b,e,(space),n,o,i,s,e,",",(space),b,y,(space),m,i,n,(space),a,r,e,a,.
(,n,o,.,(space),o,f,(space),p,i,x,e,l,(space),i,n,(space),a,(space),c,o,m,p,o,n,e,n,t,)
e,.,g,.,",",(space),4,(space),m,e,a,n,s,(space),c,o,m,p,o,n,e,n,t,s,(space),w,i,t,h
l,e,s,s,(space),t,h,a,n,(space),4,(space),p,i,x,e,l,s,(space),a,r,e
i,n,v,a,l,i,d,.

P,i,c,k,(space),u,p,(space),t,o,(space)
1,(space),o,r,(space),2,(space),o,r,(space),3,(space),o,r,(space),4
v,a,l,i,d,(space),c,o,m,p,o,n,e,n,t,s,.
U,s,i,n,g,(space),m,i,n,",",(space),m,a,x,",",(space),c,e,n,t,r,e
o,f,(space),x,",",(space),y,",",(space),d,r,a,w,(space),t,h,e,i,r
r,e,s,p,e,c,t,i,v,e,(space),b,o,x,e,s,.
